statistic,df,p.value,missing.patterns
88.40705485608441,18,2.7861934981388004e-11,11
